{
  "country": "Republica Dominicana",
  "regions": [
    {
      "id": 1,
      "name": "Cibao Noroeste"
    },
    {
      "id": 2,
      "name": "Cibao Norte"
    },
    {
      "id": 3,
      "name": "Cibao Sur"
    },
    {
      "id": 4,
      "name": "Cibao Nordeste"
    },
    {
      "id": 5,
      "name": "El Valle"
    },
    {
      "id": 6,
      "name": "Valdesia"
    },
    {
      "id": 7,
      "name": "Enriquillo"
    },
    {
      "id": 8,
      "name": "Ozama o Metropolitana"
    },
    {
      "id": 9,
      "name": "Higuamo"
    },
    {
      "id": 10,
      "name": "Yuma"
    }
  ],
  "provinces": [
    {
      "id": 1,
      "name": "Distrito Nacional",
      "region_id": 8,
      "municipalities": [
        {
          "id": 101,
          "name": "Santo Domingo de Guzman",
          "districts": ["N/A"]
        },
        {
          "id": 102,
          "name": "N/A",
          "districts": ["N/A"]
        }
      ]
    },
    {
      "id": 2,
      "name": "Azua",
      "region_id": 6,
      "municipalities": [
        {
          "id": 201,
          "name": "Azua",
          "districts": [
            "N/A",
            "Barreras",
            "Barro Arriba",
            "Clavellina",
            "Emma Balaguer de Vallejo",
            "Las Barias-La Estancia",
            "Las Lomas",
            "Los Jovillos",
            "Puerto Viejo"
          ]
        },
        {
          "id": 202,
          "name": "Estebania",
          "districts": ["N/A", "Guayabo"]
        },
        {
          "id": 203,
          "name": "Guayabal",
          "districts": ["N/A"]
        },
        {
          "id": 204,
          "name": "Las Charcas",
          "districts": ["N/A", "Las Yayas de Viajama"]
        },
        {
          "id": 205,
          "name": "Las Yayas de Viajama",
          "districts": ["N/A", "Villarpando", "Hato nuevo cortes"]
        },
        {
          "id": 206,
          "name": "Padre de las casas",
          "districts": [
            "N/A",
            "La Siembra",
            "Las Lagunas",
            "Los Frios",
            "Monte bonito"
          ]
        },
        {
          "id": 207,
          "name": "Peralta",
          "districts": ["N/A"]
        },
        {
          "id": 208,
          "name": "Pueblo Viejo",
          "districts": ["N/A"]
        },
        {
          "id": 209,
          "name": "Sabana Yegua",
          "districts": [
            "N/A",
            "Ganadero",
            "Proyecto 2-C",
            "Proyecto 4",
            "Proyecto d-1 ganadero"
          ]
        },
        {
          "id": 210,
          "name": "Tabara Arriba",
          "districts": ["N/A", "Amiama Gomez", "Los Toros", "Tabara Abajo"]
        },
        {
          "id": 211,
          "name": "N/A",
          "districts": ["N/A"]
        }
      ]
    },
    {
      "id": 3,
      "name": "Bahoruco",
      "region_id": 7,
      "municipalities": [
        {
          "id": 301,
          "name": "Neiba",
          "districts": ["N/A", "El Palmar", "La Estancia", "Vengan a Ver"]
        },
        {
          "id": 302,
          "name": "Galvan",
          "districts": ["N/A", "El Salado"]
        },
        {
          "id": 303,
          "name": "Los Rios",
          "districts": ["N/A", "Las Clavellinas"]
        },
        {
          "id": 304,
          "name": "Tamayo",
          "districts": [
            "N/A",
            "Cabeza de Toro",
            "Mena",
            "Monserrat",
            "Santa Barbara el 6",
            "Santana",
            "Uvilla"
          ]
        },
        {
          "id": 305,
          "name": "Villa Jaragua",
          "districts": ["N/A"]
        },
        {
          "id": 306,
          "name": "N/A",
          "districts": ["N/A"]
        }
      ]
    },
    {
      "id": 4,
      "name": "Barahona",
      "region_id": 7,
      "municipalities": [
        {
          "id": 401,
          "name": "Barahona",
          "districts": ["N/A", "El Cachon", "La Guazara", "Villa Central"]
        },
        {
          "id": 402,
          "name": "Cabral",
          "districts": ["N/A"]
        },
        {
          "id": 403,
          "name": "El Penon",
          "districts": ["N/A"]
        },
        {
          "id": 404,
          "name": "Enriquillo",
          "districts": ["N/A", "Arroyo Dulce"]
        },
        {
          "id": 405,
          "name": "Fundacion",
          "districts": ["N/A", "Pescaderia"]
        },
        {
          "id": 406,
          "name": "Jaquimeyes",
          "districts": ["N/A", "Palo Alto"]
        },
        {
          "id": 407,
          "name": "La Cienaga",
          "districts": ["N/A", "Bahoruco", "Los Patos"]
        },
        {
          "id": 408,
          "name": "Las Salinas",
          "districts": ["N/A"]
        },
        {
          "id": 409,
          "name": "Paraiso",
          "districts": ["N/A", "Los Naranjos"]
        },
        {
          "id": 410,
          "name": "Polo",
          "districts": ["N/A"]
        },
        {
          "id": 411,
          "name": "Vicente Noble",
          "districts": ["N/A", "Canoa", "Fondo Negro", "Quita Coraza"]
        },
        {
          "id": 412,
          "name": "N/A",
          "districts": ["N/A"]
        }
      ]
    },
    {
      "id": 5,
      "name": "Dajabon",
      "region_id": 1,
      "municipalities": [
        {
          "id": 501,
          "name": "Dajabon",
          "districts": ["N/A", "Canongo", "Manuel Bueno"]
        },
        {
          "id": 502,
          "name": "El Pino",
          "districts": ["N/A"]
        },
        {
          "id": 503,
          "name": "Loma de Cabrera",
          "districts": ["N/A", "Capotillo", "Santiago de la Cruz"]
        },
        {
          "id": 504,
          "name": "Partido",
          "districts": ["N/A"]
        },
        {
          "id": 505,
          "name": "Restauracion",
          "districts": ["N/A"]
        },
        {
          "id": 506,
          "name": "N/A",
          "districts": ["N/A"]
        }
      ]
    },
    {
      "id": 6,
      "name": "Duarte",
      "region_id": 2,
      "municipalities": [
        {
          "id": 601,
          "name": "San Francisco de Macoris",
          "districts": [
            "N/A",

            "Cenovi",
            "Jaya",
            "La Peña",
            "Presidente Don Antonio Guzman Fernandez"
          ]
        },
        {
          "id": 602,
          "name": "Arenoso",
          "districts": ["N/A", "El Aguacate", "Las Coles"]
        },
        {
          "id": 603,
          "name": "Castillo",
          "districts": ["N/A"]
        },
        {
          "id": 604,
          "name": "Eugenio Maria de Hostos",
          "districts": ["N/A", "Sabana Grande"]
        },
        {
          "id": 605,
          "name": "Las Guaranas",
          "districts": ["N/A"]
        },
        {
          "id": 606,
          "name": "Pimentel",
          "districts": ["N/A"]
        },
        {
          "id": 607,
          "name": "Villa Riva",
          "districts": [
            "N/A",

            "Agua Santa del Yuna",
            "Barraquito",
            "Cristo Rey de Guaraguao"
          ]
        },
        {
          "id": 608,
          "name": "N/A",
          "districts": ["N/A"]
        }
      ]
    },
    {
      "id": 7,
      "name": "Elias Piña",
      "region_id": 5,
      "municipalities": [
        {
          "id": 701,
          "name": "Comendador",
          "districts": ["N/A", "Guayajayuco", "Sabana Larga", "Sabana Cruz"]
        },
        {
          "id": 702,
          "name": "Banica",
          "districts": ["N/A", "Sabana Cruz", "Sabana Higuero", "Sabana Larga"]
        },
        {
          "id": 703,
          "name": "El Llano",
          "districts": ["N/A", "Guanito"]
        },
        {
          "id": 704,
          "name": "Hondo Valle",
          "districts": ["N/A", "Rancho de la Guardia"]
        },
        {
          "id": 705,
          "name": "Juan Santiago",
          "districts": ["N/A"]
        },
        {
          "id": 706,
          "name": "Pedro Santana",
          "districts": ["N/A", "Rio Limpio"]
        },
        {
          "id": 707,
          "name": "N/A",
          "districts": ["N/A"]
        }
      ]
    },
    {
      "id": 8,
      "name": "El Seibo",
      "region_id": 10,
      "municipalities": [
        {
          "id": 801,
          "name": "Santa Cruz de El Seibo",
          "districts": [
            "N/A",
            "Pedro Sanchez",
            "San Francisco-Vicentillo",
            "Santa Lucia"
          ]
        },
        {
          "id": 802,
          "name": "Miches",
          "districts": ["N/A", "El Cedro", "La Gina"]
        },
        {
          "id": 803,
          "name": "N/A",
          "districts": ["N/A"]
        }
      ]
    },
    {
      "id": 9,
      "name": "Espaillat",
      "region_id": 2,
      "municipalities": [
        {
          "id": 901,
          "name": "Moca",
          "districts": [
            "N/A",
            "Canca La Reina",
            "Higuerito",
            "Jose Contreras",
            "Juan Lopez",
            "La Ortega",
            "Las Lagunas",
            "Monte de la Jagua",
            "San Victor"
          ]
        },
        {
          "id": 902,
          "name": "Cayetano Germosen",
          "districts": ["N/A"]
        },
        {
          "id": 903,
          "name": "Gaspar Hernandez",
          "districts": ["N/A", "Joba Arriba", "Veragua", "Villa Magante"]
        },
        {
          "id": 904,
          "name": "Jamao al Norte",
          "districts": ["N/A"]
        },
        {
          "id": 905,
          "name": "San Victor",
          "districts": ["N/A"]
        },
        {
          "id": 906,
          "name": "N/A",
          "districts": ["N/A"]
        }
      ]
    },
    {
      "id": 10,
      "name": "Hato Mayor",
      "region_id": 9,
      "municipalities": [
        {
          "id": 1001,
          "name": "Hato Mayor del Rey",
          "districts": ["N/A", "Guayabo Dulce", "Mata Palacio", "Yerba Buena"]
        },
        {
          "id": 1002,
          "name": "El Valle",
          "districts": ["N/A"]
        },
        {
          "id": 1003,
          "name": "Sabana de la Mar",
          "districts": ["N/A", "Elupina Cordero de las Cañitas", "Salcedo"]
        },
        {
          "id": 1004,
          "name": "N/A",
          "districts": ["N/A"]
        }
      ]
    },
    {
      "id": 11,
      "name": "Hermanas Mirabal",
      "region_id": 4,
      "municipalities": [
        {
          "id": 1101,
          "name": "Salcedo",
          "districts": ["N/A", "Jamao Afuera"]
        },
        {
          "id": 1102,
          "name": "Tenares",
          "districts": ["N/A", "Blanco", "La Peñita"]
        },
        {
          "id": 1103,
          "name": "Villa Tapia",
          "districts": ["N/A"]
        },
        {
          "id": 1104,
          "name": "N/A",
          "districts": ["N/A"]
        }
      ]
    },
    {
      "id": 12,
      "name": "Independencia",
      "region_id": 7,
      "municipalities": [
        {
          "id": 1201,
          "name": "Jimani",
          "districts": ["N/A", "Boca de Cachon", "El Limon"]
        },
        {
          "id": 1202,
          "name": "Cristobal",
          "districts": ["N/A"]
        },
        {
          "id": 1203,
          "name": "Duverge",
          "districts": ["N/A", "Vengan a Ver"]
        },
        {
          "id": 1204,
          "name": "La Descubierta",
          "districts": ["N/A"]
        },
        {
          "id": 1205,
          "name": "Mella",
          "districts": ["N/A"]
        },
        {
          "id": 1206,
          "name": "Postrer Rio",
          "districts": ["N/A", "Guayabal"]
        },
        {
          "id": 1207,
          "name": "N/A",
          "districts": ["N/A"]
        }
      ]
    },
    {
      "id": 13,
      "name": "La Altagracia",
      "region_id": 10,
      "municipalities": [
        {
          "id": 1301,
          "name": "Higuey",
          "districts": [
            "N/A",
            "La Otra Banda",
            "Lagunas de Nisibon",
            "Veron-Punta Cana"
          ]
        },
        {
          "id": 1302,
          "name": "San Rafael del Yuma",
          "districts": ["N/A", "Boca de Yuma", "Bayahibe"]
        },
        {
          "id": 1303,
          "name": "N/A",
          "districts": ["N/A"]
        }
      ]
    },
    {
      "id": 14,
      "name": "La Romana",
      "region_id": 10,
      "municipalities": [
        {
          "id": 1401,
          "name": "La Romana",
          "districts": ["N/A", "Caleta", "Cumayasa"]
        },
        {
          "id": 1402,
          "name": "Guaymate",
          "districts": ["N/A"]
        },
        {
          "id": 1403,
          "name": "Villa Hermosa",
          "districts": ["N/A"]
        },
        {
          "id": 1404,
          "name": "N/A",
          "districts": ["N/A"]
        }
      ]
    },
    {
      "id": 15,
      "name": "La Vega",
      "region_id": 3,
      "municipalities": [
        {
          "id": 1501,
          "name": "La Vega",
          "districts": [
            "N/A",
            "El Ranchito",
            "Rio Verde Arriba",
            "Don juan rodriguez barranca"
          ]
        },
        {
          "id": 1502,
          "name": "Constanza",
          "districts": ["N/A", "La Sabina", "Tireo", "Tireo arriba"]
        },
        {
          "id": 1503,
          "name": "Jarabacoa",
          "districts": ["N/A", "Buena Vista", "Manabao"]
        },
        {
          "id": 1504,
          "name": "Jima Abajo",
          "districts": ["N/A", "Rincon"]
        },
        {
          "id": 1505,
          "name": "N/A",
          "districts": ["N/A"]
        }
      ]
    },
    {
      "id": 16,
      "name": "Maria Trinidad Sanchez",
      "region_id": 2,
      "municipalities": [
        {
          "id": 1601,
          "name": "Nagua",
          "districts": [
            "N/A",
            "Arroyo al Medio",
            "Arroyo Salado",
            "La Entrada",
            "San Jose de Matanzas",
            "Las gordas"
          ]
        },
        {
          "id": 1602,
          "name": "Cabrera",
          "districts": ["N/A", "Arroyo Salado", "La Entrada"]
        },
        {
          "id": 1603,
          "name": "El Factor",
          "districts": ["N/A", "El Pozo"]
        },
        {
          "id": 1604,
          "name": "Rio San Juan",
          "districts": ["N/A", "Clara"]
        },
        {
          "id": 1605,
          "name": "N/A",
          "districts": ["N/A"]
        }
      ]
    },
    {
      "id": 17,
      "name": "Monseñor Nouel",
      "region_id": 3,
      "municipalities": [
        {
          "id": 1701,
          "name": "Bonao",
          "districts": [
            "N/A",
            "Arroyo al Medio",
            "Arroyo Frio",
            "Juan Adrian",
            "La Salvia los Quemados",
            "Sabana del Puerto"
          ]
        },
        {
          "id": 1702,
          "name": "Maimon",
          "districts": ["N/A"]
        },
        {
          "id": 1703,
          "name": "Piedra Blanca",
          "districts": ["N/A", "Juan Lopez"]
        },
        {
          "id": 1704,
          "name": "N/A",
          "districts": ["N/A"]
        }
      ]
    },
    {
      "id": 18,
      "name": "Monte Cristi",
      "region_id": 1,
      "municipalities": [
        {
          "id": 1801,
          "name": "Monte Cristi",
          "districts": ["N/A", "Cana Chapeton", "Villa Elisa"]
        },
        {
          "id": 1802,
          "name": "Castanuela",
          "districts": ["N/A", "Palo Verde"]
        },
        {
          "id": 1803,
          "name": "Guayubin",
          "districts": ["N/A", "Cana Chapeton", "Hatillo Palma", "Villa Elisa"]
        },
        {
          "id": 1804,
          "name": "Las Matas de Santa Cruz",
          "districts": ["N/A"]
        },
        {
          "id": 1805,
          "name": "Pepillo Salcedo",
          "districts": ["N/A", "Santa maria"]
        },
        {
          "id": 1806,
          "name": "Villa Vasquez",
          "districts": ["N/A", "Jicome"]
        },
        {
          "id": 1807,
          "name": "N/A",
          "districts": ["N/A"]
        }
      ]
    },
    {
      "id": 19,
      "name": "Monte Plata",
      "region_id": 9,
      "municipalities": [
        {
          "id": 1901,
          "name": "Monte Plata",
          "districts": ["N/A", "Boya", "Chirino", "Don Juan"]
        },
        {
          "id": 1902,
          "name": "Bayaguana",
          "districts": ["N/A"]
        },
        {
          "id": 1903,
          "name": "Peralvillo",
          "districts": ["N/A"]
        },
        {
          "id": 1904,
          "name": "Sabana Grande de Boya",
          "districts": ["N/A", "Gonzalo", "Majagual"]
        },
        {
          "id": 1905,
          "name": "Yamasa",
          "districts": ["N/A", "Los Botados", "Mama tingo"]
        },
        {
          "id": 1906,
          "name": "N/A",
          "districts": ["N/A"]
        }
      ]
    },
    {
      "id": 20,
      "name": "Pedernales",
      "region_id": 7,
      "municipalities": [
        {
          "id": 2001,
          "name": "Pedernales",
          "districts": ["N/A", "Jose Francisco Pena Gomez", "Juancho"]
        },
        {
          "id": 2002,
          "name": "Oviedo",
          "districts": ["N/A"]
        },
        {
          "id": 2003,
          "name": "N/A",
          "districts": ["N/A"]
        }
      ]
    },
    {
      "id": 21,
      "name": "Peravia",
      "region_id": 6,
      "municipalities": [
        {
          "id": 2101,
          "name": "Bani",
          "districts": [
            "N/A",
            "Catalina",
            "El Carreton",
            "El Limonal",
            "Las Barias",
            "Matanzas",
            "Paya",
            "Sabana Buey",
            "Villa Fundacion",
            "Villa Sombrero"
          ]
        },
        {
          "id": 2102,
          "name": "Nizao",
          "districts": ["N/A", "Pizarrete", "Santana"]
        },
        {
          "id": 2103,
          "name": "Matanzas",
          "districts": ["N/A"]
        },
        {
          "id": 2104,
          "name": "N/A",
          "districts": ["N/A"]
        }
      ]
    },
    {
      "id": 22,
      "name": "Puerto Plata",
      "region_id": 2,
      "municipalities": [
        {
          "id": 2201,
          "name": "Puerto Plata",
          "districts": ["N/A", "Maimon", "Yasica Arriba"]
        },
        {
          "id": 2202,
          "name": "Altamira",
          "districts": ["N/A", "Rio Grande"]
        },
        {
          "id": 2203,
          "name": "Guananico",
          "districts": ["N/A"]
        },
        {
          "id": 2204,
          "name": "Imbert",
          "districts": ["N/A"]
        },
        {
          "id": 2205,
          "name": "Los Hidalgos",
          "districts": ["N/A"]
        },
        {
          "id": 2206,
          "name": "Luperon",
          "districts": ["N/A", "Belloso", "La Isabela", "La Jaiba"]
        },
        {
          "id": 2207,
          "name": "Sosua",
          "districts": ["N/A", "Cabarete", "Sabaneta de Yasica"]
        },
        {
          "id": 2208,
          "name": "Villa Isabela",
          "districts": ["N/A", "Estero Hondo", "La Jaiba", "Gualete"]
        },
        {
          "id": 2209,
          "name": "Villa Montellano",
          "districts": ["N/A"]
        },
        {
          "id": 2210,
          "name": "N/A",
          "districts": ["N/A"]
        }
      ]
    },
    {
      "id": 23,
      "name": "Samana",
      "region_id": 2,
      "municipalities": [
        {
          "id": 2301,
          "name": "Santa Barbara de Samana",
          "districts": ["N/A", "Arroyo Barril", "El Limon", "Las Galeras"]
        },
        {
          "id": 2302,
          "name": "Las Terrenas",
          "districts": ["N/A"]
        },
        {
          "id": 2303,
          "name": "Sanchez",
          "districts": ["N/A"]
        },
        {
          "id": 2304,
          "name": "N/A",
          "districts": ["N/A"]
        }
      ]
    },
    {
      "id": 24,
      "name": "San Cristobal",
      "region_id": 6,
      "municipalities": [
        {
          "id": 2401,
          "name": "San Cristobal",
          "districts": [
            "N/A",
            "Bajos de Haina",
            "El Cacao",
            "Cambita El Pueblecito",
            "La Cuchilla",
            "San Jose del Puerto",
            "Villa Altagracia",
            "Hato damas",
            "Hatillo"
          ]
        },
        {
          "id": 2402,
          "name": "Bajos de Haina",
          "districts": ["N/A", "El Carril"]
        },
        {
          "id": 2403,
          "name": "Cambita Garabitos",
          "districts": ["N/A", "Cambita El Pueblecito"]
        },
        {
          "id": 2404,
          "name": "Los Cacaos",
          "districts": ["N/A"]
        },
        {
          "id": 2405,
          "name": "Sabana Grande de Palenque",
          "districts": ["N/A"]
        },
        {
          "id": 2406,
          "name": "San Gregorio de Nigua",
          "districts": ["N/A"]
        },
        {
          "id": 2407,
          "name": "Villa Altagracia",
          "districts": ["N/A", "La Cuchilla", "San Jose del Puerto", "Medina"]
        },
        {
          "id": 2408,
          "name": "Yaguate",
          "districts": ["N/A"]
        },
        {
          "id": 2409,
          "name": "N/A",
          "districts": ["N/A"]
        }
      ]
    },
    {
      "id": 25,
      "name": "San Jose de Ocoa",
      "region_id": 6,
      "municipalities": [
        {
          "id": 2501,
          "name": "San Jose de Ocoa",
          "districts": [
            "N/A",
            "El Naranjal",
            "El Pinar",
            "La Cienaga",
            "Nizao las Auyamas",
            "Rancho Arriba",
            "Sabana Larga"
          ]
        },
        {
          "id": 2502,
          "name": "Rancho Arriba",
          "districts": ["N/A"]
        },
        {
          "id": 2503,
          "name": "Sabana Larga",
          "districts": ["N/A"]
        },
        {
          "id": 2504,
          "name": "N/A",
          "districts": ["N/A"]
        }
      ]
    },
    {
      "id": 26,
      "name": "San Juan",
      "region_id": 5,
      "municipalities": [
        {
          "id": 2601,
          "name": "San Juan de la Maguana",
          "districts": [
            "N/A",
            "El Rosario",
            "Guanito",
            "Hato del Padre",
            "La Jagua",
            "Las Maguanas-Hato Nuevo",
            "Las Charcas de Maria Nova",
            "Pedro Corto",
            "Sabana Alta",
            "Sabaneta",
            "La zanja"
          ]
        },
        {
          "id": 2602,
          "name": "Bohechio",
          "districts": ["N/A", "Arroyo Cano", "Yaque"]
        },
        {
          "id": 2603,
          "name": "El Cercado",
          "districts": ["N/A", "Batista", "Derrumbadero"]
        },
        {
          "id": 2604,
          "name": "Juan de Herrera",
          "districts": ["N/A", "Jinova"]
        },
        {
          "id": 2605,
          "name": "Las Matas de Farfan",
          "districts": ["N/A", "Carrera de Yeguas", "Matayaya"]
        },
        {
          "id": 2606,
          "name": "Vallejuelo",
          "districts": ["N/A", "Jorjillo"]
        },
        {
          "id": 2607,
          "name": "N/A",
          "districts": ["N/A"]
        }
      ]
    },
    {
      "id": 27,
      "name": "San Pedro de Macoris",
      "region_id": 9,
      "municipalities": [
        {
          "id": 2701,
          "name": "San Pedro de Macoris",
          "districts": ["N/A", "Consuelo", "Quisqueya", "Ramon Santana"]
        },
        {
          "id": 2702,
          "name": "Consuelo",
          "districts": ["N/A"]
        },
        {
          "id": 2703,
          "name": "Guayacanes",
          "districts": ["N/A"]
        },
        {
          "id": 2704,
          "name": "Quisqueya",
          "districts": ["N/A"]
        },
        {
          "id": 2705,
          "name": "Ramon Santana",
          "districts": ["N/A"]
        },
        {
          "id": 2706,
          "name": "San Jose de los Llanos",
          "districts": ["N/A", "Gautier", "El puerto"]
        },
        {
          "id": 2707,
          "name": "N/A",
          "districts": ["N/A"]
        }
      ]
    },
    {
      "id": 28,
      "name": "Santiago",
      "region_id": 1,
      "municipalities": [
        {
          "id": 2801,
          "name": "Santiago de los Caballeros",
          "districts": [
            "N/A",
            "Baitoa",
            "Hato del Yaque",
            "La Canela",
            "Pedro Garcia",
            "San Francisco de Jacagua",
            "Santiago oeste cienfuegos"
          ]
        },
        {
          "id": 2802,
          "name": "Bisono",
          "districts": ["N/A"]
        },
        {
          "id": 2803,
          "name": "Janico",
          "districts": ["N/A", "El Caimito", "Juncalito"]
        },
        {
          "id": 2804,
          "name": "Licey al Medio",
          "districts": ["N/A", "Las Palomas"]
        },
        {
          "id": 2805,
          "name": "Punal",
          "districts": ["N/A", "Canabacoa", "Guayabal"]
        },
        {
          "id": 2806,
          "name": "Sabana Iglesia",
          "districts": ["N/A"]
        },
        {
          "id": 2807,
          "name": "San Jose de las Matas",
          "districts": ["N/A", "El Rubio", "La Cuesta", "Las Placetas"]
        },
        {
          "id": 2808,
          "name": "Tamboril",
          "districts": ["N/A", "Canca La Piedra"]
        },
        {
          "id": 2809,
          "name": "Villa Gonzalez",
          "districts": ["N/A", "Palmar Arriba"]
        },
        {
          "id": 2810,
          "name": "Baitoa",
          "districts": ["N/A"]
        },
        {
          "id": 2811,
          "name": "N/A",
          "districts": ["N/A"]
        }
      ]
    },
    {
      "id": 29,
      "name": "Santiago Rodriguez",
      "region_id": 1,
      "municipalities": [
        {
          "id": 2901,
          "name": "San Ignacio de Sabaneta",
          "districts": [
            "N/A",
            "Cana Chapeton",
            "Guayajayuco",
            "Los Almacigos",
            "Juan de Herrera"
          ]
        },
        {
          "id": 2902,
          "name": "Los Almacigos",
          "districts": ["N/A"]
        },
        {
          "id": 2903,
          "name": "Moncion",
          "districts": ["N/A", "Canoa"]
        },
        {
          "id": 2904,
          "name": "Villa los almacigos",
          "districts": ["N/A"]
        },
        {
          "id": 2905,
          "name": "N/A",
          "districts": ["N/A"]
        }
      ]
    },
    {
      "id": 30,
      "name": "Santo Domingo",
      "region_id": 8,
      "municipalities": [
        {
          "id": 3001,
          "name": "Santo Domingo Este",
          "districts": ["N/A", "San Luis"]
        },
        {
          "id": 3002,
          "name": "Santo Domingo Norte",
          "districts": ["N/A", "La Victoria"]
        },
        {
          "id": 3003,
          "name": "Santo Domingo Oeste",
          "districts": ["N/A", "Palmarejo-Villa Linda", "Pantoja"]
        },
        {
          "id": 3004,
          "name": "Boca Chica",
          "districts": ["N/A", "La Caleta"]
        },
        {
          "id": 3005,
          "name": "Los Alcarrizos",
          "districts": ["N/A"]
        },
        {
          "id": 3006,
          "name": "Pedro Brand",
          "districts": ["N/A", "La Cuaba"]
        },
        {
          "id": 3007,
          "name": "San Antonio de Guerra",
          "districts": ["N/A", "Hato Nuevo"]
        },
        {
          "id": 3008,
          "name": "N/A",
          "districts": ["N/A"]
        }
      ]
    },
    {
      "id": 31,
      "name": "Valverde",
      "region_id": 1,
      "municipalities": [
        {
          "id": 3101,
          "name": "Mao",
          "districts": ["N/A", "amina", "Guatapanal", "Jaibon"]
        },
        {
          "id": 3102,
          "name": "Esperanza",
          "districts": ["N/A", "Boca de Mao", "Jicome", "Maizal", "Paradero"]
        },
        {
          "id": 3103,
          "name": "Laguna Salada",
          "districts": ["N/A", "Cruce de Guayacanes", "Jaibon", "La caya"]
        },
        {
          "id": 3104,
          "name": "N/A",
          "districts": ["N/A"]
        }
      ]
    },
    {
      "id": 32,
      "name": "Sanchez Ramirez",
      "region_id": 3,
      "municipalities": [
        {
          "id": 3201,
          "name": "Cotui",
          "districts": [
            "Caballero",
            "Cotui",
            "Guayabon",
            "N/A",
            "Zambrana abajo",
            "Quita sueno",
            "Comedero arriba",
            "Platanal"
          ]
        },
        {
          "id": 3202,
          "name": "Cevicos",
          "districts": ["La cueva"]
        },
        {
          "id": 3203,
          "name": "Fantino",
          "districts": []
        },
        {
          "id": 3204,
          "name": "La Mata",
          "districts": ["Hernando alonzo", "N/A", "La bija", "Angelina"]
        },
        {
          "id": 3205,
          "name": "N/A",
          "districts": ["N/A"]
        }
      ]
    }
  ],
  "note": "Dataset administrativo completo de la Republica Dominicana con regiones, provincias, municipios, distritos municipales y circunscripciones electorales (JCE 2024). Incluye 10 regiones, 31 provincias, 158 municipios y 229 distritos municipales."
}
